vertical,name,tier,category,key_cities,role_tilt,ats_type,ats_slug,careers_url,endpoint,source,status,verification,notes
grid_power_software,Constellation Energy,Tier 1,Utility / IPP,"Chicago, Baltimore","SWE + trading tech; largest US clean energy producer, trading floor in Baltimore",unknown,,https://jobs.constellationenergy.com,,manual,active,suspect,
grid_power_software,Exelon,Tier 1,Utility / IPP,Chicago,"Utility IT, grid software, data engineering",workday,,https://careers.exeloncorp.com,,manual,active,unverified,
grid_power_software,NextEra Energy,Tier 1,Utility / IPP,Juno Beach FL,Heavy analytics/optimization; biggest renewables developer,workday,,https://www.nexteraenergy.com/careers.html,,manual,active,unverified,
grid_power_software,Vistra,Tier 1,Utility / IPP,"Irving/Dallas, Houston","Power trading tech, retail energy platforms (TXU)",workday,,https://www.vistracorp.com/careers/,,manual,active,unverified,
grid_power_software,NRG Energy,Tier 1,Utility / IPP,Houston,"Retail + trading tech, consumer energy platforms",workday,,https://www.nrg.com/about/careers.html,,manual,active,unverified,
grid_power_software,Calpine,Tier 1,Utility / IPP,Houston,Gas fleet + trading; top-tier physical power shop,unknown,,https://www.calpine.com/careers,,manual,active,unverified,
grid_power_software,AES Corporation,Tier 1,Utility / IPP,Arlington VA (D.C.),Digital/AI group; AI for grid ops,workday,,https://www.aes.com/careers,,manual,active,unverified,
grid_power_software,Duke Energy,Tier 1,Utility / IPP,Charlotte,"Grid modernization software, large IT org",workday,,https://careers.duke-energy.com,,manual,active,unverified,
grid_power_software,Southern Company,Tier 1,Utility / IPP,Atlanta,"Utility tech, R&D arm",unknown,,https://southerncompany.jobs,,manual,active,unverified,
grid_power_software,Dominion Energy,Tier 1,Utility / IPP,Richmond,Utility IT + nuclear data systems,workday,,https://careers.dominionenergy.com,,manual,active,unverified,
grid_power_software,Xcel Energy,Tier 1,Utility / IPP,Minneapolis,"Grid software, data science; local to MN",workday,,https://jobs.xcelenergy.com,,manual,active,unverified,
grid_power_software,Con Edison,Tier 1,Utility / IPP,NYC,Utility tech for NYC grid,unknown,,https://www.coned.com/en/about-us/careers,,manual,active,unverified,
grid_power_software,National Grid,Tier 1,Utility / IPP,"Boston, NYC",Large digital org across both cities,workday,,https://careers.nationalgrid.com,,manual,active,unverified,
grid_power_software,EDF Trading North America,Tier 2,Trading / Merchant,Houston,Top-tier physical power trading,unknown,,https://www.edftrading.com/careers/,,manual,active,unverified,
grid_power_software,Vitol,Tier 2,Trading / Merchant,Houston,Major independent; expanding gas & power,unknown,,https://www.vitol.com/careers/,,manual,active,unverified,
grid_power_software,Trafigura,Tier 2,Trading / Merchant,"Houston, NYC",Building out power trading business,workday,,https://www.trafigura.com/careers,,manual,active,unverified,
grid_power_software,Mercuria,Tier 2,Trading / Merchant,Houston,"Major merchant, growing US power",unknown,,https://www.mercuria.com/careers,,manual,active,unverified,
grid_power_software,Glencore,Tier 2,Trading / Merchant,"NYC, Stamford",Commodities giant with tech teams,workday,,https://www.glencore.com/careers,,manual,active,unverified,
grid_power_software,Hartree Partners,Tier 2,Trading / Merchant,NYC,Hybrid physical/financial; quant-tech roles,unknown,,https://www.hartreepartners.com/careers/,,manual,active,unverified,
grid_power_software,Freepoint Commodities,Tier 2,Trading / Merchant,Stamford CT,Power/gas merchant,unknown,,https://www.freepointcommodities.com/careers/,,manual,active,unverified,
grid_power_software,Castleton Commodities (CCI),Tier 2,Trading / Merchant,Stamford CT,Top hybrid shop alongside Hartree/Freepoint,unknown,,https://www.cci.com/careers,,manual,active,unverified,
grid_power_software,Macquarie (CGM),Tier 2,Trading / Merchant,"Houston, NYC",Top bank commodities desk,workday,,https://www.macquarie.com/us/en/about/careers.html,,manual,active,unverified,
grid_power_software,BP Trading & Shipping,Tier 2,Trading / Merchant,"Houston, Chicago",Big trading tech org; real Chicago office,workday,,https://www.bp.com/en/global/corporate/careers.html,,manual,active,unverified,
grid_power_software,Shell Trading,Tier 2,Trading / Merchant,Houston,Large quant/tech organization,unknown,,https://www.shell.com/careers,,manual,active,unverified,
grid_power_software,Koch Industries,Tier 2,Trading / Merchant,"Wichita, Houston","Strong SWE programs, energy trading arm",unknown,,https://jobs.kochcareers.com,,manual,active,suspect,
grid_power_software,Tenaska,Tier 2,Trading / Merchant,"Omaha, Dallas",Power marketing; underrated entry point,unknown,,https://www.tenaska.com/careers,,manual,active,unverified,
grid_power_software,Citadel,Tier 3,Quant Fund,"Chicago, NYC, Houston",Record commodities profits; oil/gas/power desks,unknown,,https://www.citadel.com/careers/open-opportunities/,,manual,active,unverified,
grid_power_software,DRW,Tier 3,Quant Fund,"Chicago, Houston",Expanding energy/gas trading; new-grad SWE pipeline,unknown,,https://drw.com/work-at-drw/open-roles,,manual,active,unverified,
grid_power_software,Jane Street,Tier 3,Quant Fund,NYC,Amassing power traders for years,greenhouse,janestreet,,https://boards-api.greenhouse.io/v1/boards/janestreet/jobs,manual,active,verified,
grid_power_software,Millennium,Tier 3,Quant Fund,NYC,Many energy pods; tech roles support them,unknown,,https://www.mlp.com/careers/,,manual,active,unverified,
grid_power_software,Balyasny,Tier 3,Quant Fund,"Chicago, NYC, Houston",Growing commodities; Chicago HQ,unknown,,https://www.bamfunds.com/careers/,,manual,active,unverified,
grid_power_software,SIG (Susquehanna),Tier 3,Quant Fund,Philadelphia,Energy/commodities desk; strong new-grad SWE pipeline,unknown,,https://careers.sig.com,,manual,active,unverified,
grid_power_software,Enverus,Tier 4,Data / Analytics SaaS,"Austin, Denver, Houston",Leading energy SaaS; trading & risk analytics,unknown,,https://www.enverus.com/careers/,,manual,active,unverified,
grid_power_software,Yes Energy,Tier 4,Data / Analytics SaaS,Boulder/Denver,Power market data OS; 100k+ ISO pricing nodes,greenhouse,yesenergy,,https://boards-api.greenhouse.io/v1/boards/yesenergy/jobs,manual,active,verified,
grid_power_software,GridStatus.io,Tier 4,Data / Analytics SaaS,Remote (small team),Real-time/historical ISO market data; young & scrappy,unknown,,https://www.gridstatus.io,,manual,active,unverified,
grid_power_software,Amperon,Tier 4,Data / Analytics SaaS,"Houston, NYC",AI demand/generation/price forecasting,greenhouse,amperon,,https://boards-api.greenhouse.io/v1/boards/amperon/jobs,manual,active,verified,
grid_power_software,Wood Mackenzie,Tier 4,Data / Analytics SaaS,"Houston, Boston",Energy research + data platform,workday,,https://www.woodmac.com/careers/,,manual,active,unverified,
grid_power_software,Aurora Energy Research,Tier 4,Data / Analytics SaaS,"Austin, Oakland",Power market modeling; TPG Rise Climate-backed,unknown,,https://www.auroraer.com/careers/,,manual,active,unverified,
grid_power_software,S&P Global Commodity Insights,Tier 4,Data / Analytics SaaS,"NYC, Houston",Price benchmarks (Platts) + market data tech,workday,,https://careers.spglobal.com,,manual,active,unverified,
grid_power_software,Vortexa,Tier 4,Data / Analytics SaaS,"Houston, NYC, London",AI real-time energy market intelligence (cargo/freight),unknown,,https://www.vortexa.com/careers,,manual,active,unverified,
grid_power_software,Energy Aspects,Tier 4,Data / Analytics SaaS,"NYC, London",Quant analytics on derivative flows,unknown,,https://www.energyaspects.com/careers,,manual,active,unverified,
grid_power_software,Tesla Energy (Autobidder),Tier 5,Grid / Clean Energy Tech,"Palo Alto, Austin",Wholesale battery fleet trading optimization,unknown,,https://www.tesla.com/careers/search/,,manual,active,unverified,
grid_power_software,Fluence,Tier 5,Grid / Clean Energy Tech,Arlington VA,Battery storage + AI bidding software (Mosaic),unknown,,https://fluenceenergy.com/careers/,,manual,active,unverified,
grid_power_software,Stem Inc.,Tier 5,Grid / Clean Energy Tech,SF Bay Area,AI-driven storage optimization (Athena),unknown,,https://www.stem.com/careers/,,manual,active,unverified,
grid_power_software,Camus Energy,Tier 5,Grid / Clean Energy Tech,SF,Grid orchestration software,greenhouse,camusenergy,,https://boards-api.greenhouse.io/v1/boards/camusenergy/jobs,manual,active,verified,
grid_power_software,WeaveGrid,Tier 5,Grid / Clean Energy Tech,SF,Utility software for EV/electrification load,ashby,weave-grid,,https://api.ashbyhq.com/posting-api/job-board/weave-grid,manual,active,verified,
grid_power_software,Arcadia,Tier 5,Grid / Clean Energy Tech,"D.C., remote",Utility data API platform; Python/AWS/Snowflake,lever,arcadia,,https://api.lever.co/v0/postings/arcadia,manual,active,verified,
grid_power_software,Kraken (Octopus Energy),Tier 5,Grid / Clean Energy Tech,"NYC, London",Utility tech platform; licensing to US utilities,unknown,,https://kraken.tech/careers,,manual,active,suspect,
grid_power_software,Uplight,Tier 5,Grid / Clean Energy Tech,Boulder,Utility customer engagement software,unknown,,https://uplight.com/careers/,,manual,active,unverified,
grid_power_software,Voltus,Tier 5,Grid / Clean Energy Tech,Remote / SF,Virtual power plant / demand response platform,lever,voltus,,https://api.lever.co/v0/postings/voltus,manual,active,verified,
grid_power_software,ICE (Intercontinental Exchange),Bonus,Exchange / Market Infra,"NYC, Atlanta",The venue where power/gas actually trades,workday,,https://careers.ice.com,,manual,active,unverified,
grid_power_software,CME Group,Bonus,Exchange / Market Infra,Chicago,NYMEX energy futures,workday,,https://www.cmegroup.com/careers.html,,manual,active,unverified,
grid_power_software,PJM Interconnection,Bonus,Exchange / Market Infra,Philadelphia suburbs,Grid operator itself hires SWEs,unknown,,https://careers.pjm.com,,manual,active,unverified,
grid_power_software,GE Vernova,Bonus,Exchange / Market Infra,Boston area,Grid software division (GridOS),workday,,https://www.gevernova.com/careers,,manual,active,unverified,
